Date,"Price : Melting Scrap, DAP-Mandi Gobindgarh, India : End Cutting"
2020-05-12,23500
2020-05-13,23600
2020-05-14,24300
2020-05-15,25300
2020-05-16,25000
2020-05-18,24800
2020-05-19,24500
2020-05-20,24800
2020-05-21,25400
2020-05-22,24900
2020-05-23,25100
2020-05-25,25200
2020-05-26,25400
2020-05-27,25300
2020-05-28,25500
2020-05-29,25400
2020-05-30,25400
2020-06-01,25700
2020-06-02,25500
2020-06-03,25400
2020-06-04,25600
2020-06-05,25700
2020-06-06,25900
2020-06-08,25900
2020-06-09,26000
2020-06-10,25500
2020-06-11,25600
2020-06-12,25300
2020-06-13,25200
2020-06-15,24900
2020-06-16,24800
2020-06-17,24600
2020-06-18,24600
2020-06-19,24300
2020-06-20,24200
2020-06-22,24100
2020-06-23,24400
2020-06-24,24400
2020-06-25,24800
2020-06-26,24200
2020-06-27,24400
2020-06-29,24400
2020-06-30,24300
2020-07-01,24000
2020-07-02,23800
2020-07-03,23900
2020-07-04,23800
2020-07-06,23500
2020-07-07,23800
2020-07-08,23600
2020-07-09,24100
2020-07-10,24300
2020-07-11,24200
2020-07-13,24500
2020-07-14,24500
2020-07-15,24300
2020-07-16,24800
2020-07-17,24600
2020-07-18,24600
2020-07-20,25000
2020-07-21,25000
2020-07-22,24500
2020-07-23,24600
2020-07-24,24800
2020-07-25,25000
2020-07-27,25200
2020-07-28,25300
2020-07-29,25200
2020-07-30,25200
2020-07-31,25200
2020-08-01,25200
2020-08-04,25900
2020-08-05,25900
2020-08-06,25600
2020-08-07,25600
2020-08-08,25900
2020-08-10,26600
2020-08-11,26800
2020-08-12,27200
2020-08-13,27800
2020-08-14,27600
2020-08-17,27900
2020-08-18,27800
2020-08-19,27300
2020-08-20,27200
2020-08-21,26800
2020-08-22,26600
2020-08-24,26300
2020-08-25,26800
2020-08-26,26900
2020-08-27,26700
2020-08-28,26900
2020-08-29,27200
2020-08-31,27700
2020-09-01,27300
2020-09-02,27100
2020-09-03,27200
2020-09-04,27400
2020-09-05,27200
2020-09-07,27400
2020-09-08,27700
2020-09-09,27300
2020-09-10,27400
2020-09-11,27000
2020-09-12,27100
2020-09-14,26900
2020-09-15,27000
2020-09-16,27200
2020-09-17,27000
2020-09-18,27400
2020-09-19,27300
2020-09-21,27200
2020-09-22,26800
2020-09-23,26700
2020-09-24,26900
2020-09-25,26700
2020-09-26,26700
2020-09-28,26300
2020-09-29,26300
2020-09-30,26200
2020-10-01,26600
2020-10-03,26800
2020-10-05,26900
2020-10-06,27100
2020-10-07,27100
2020-10-08,26900
2020-10-09,27000
2020-10-10,26600
2020-10-12,27000
2020-10-13,27100
2020-10-14,27700
2020-10-15,27500
2020-10-16,27400
2020-10-17,27200
2020-10-20,27000
2020-10-21,27200
2020-10-22,27300
2020-10-23,27600
2020-10-24,27900
2020-10-26,27900
2020-10-27,28100
2020-10-28,28400
2020-10-29,28400
2020-10-30,28200
2020-10-31,28200
2020-11-02,28300
2020-11-03,28200
2020-11-04,28400
2020-11-05,28800
2020-11-06,28400
2020-11-07,28000
2020-11-09,27600
2020-11-10,27300
2020-11-11,27700
2020-11-12,28200
2020-11-13,28500
2020-11-16,28800
2020-11-17,29200
2020-11-18,29500
2020-11-19,29500
2020-11-20,29700
2020-11-21,29000
2020-11-23,28500
2020-11-24,28000
2020-11-25,28000
2020-11-26,28000
2020-11-27,28500
2020-11-28,28800
2020-11-30,29200
2020-12-01,29400
2020-12-02,30100
2020-12-03,30100
2020-12-04,30100
2020-12-05,29800
2020-12-07,30500
2020-12-08,30500
2020-12-09,30200
2020-12-10,30100
2020-12-11,30600
2020-12-12,30900
2020-12-14,31100
2020-12-15,31500
2020-12-16,31600
2020-12-17,32000
2020-12-18,32100
2020-12-19,32200
2020-12-21,31700
2020-12-22,31500
2020-12-23,31500
2020-12-24,31800
2020-12-26,32600
2020-12-28,33100
2020-12-29,33600
2020-12-30,33500
2020-12-31,33500
2021-01-01,33700
2021-01-02,34200
2021-01-04,34600
2021-01-05,34600
2021-01-06,34200
2021-01-07,33600
2021-01-08,33700
2021-01-09,33300
2021-01-11,33100
2021-01-12,32900
2021-01-13,32300
2021-01-14,32300
2021-01-15,31700
2021-01-16,31600
2021-01-18,31200
2021-01-19,30400
2021-01-20,29700
2021-01-21,29400
2021-01-22,29100
2021-01-23,29000
2021-01-25,29700
2021-01-27,29900
2021-01-28,30200
2021-01-29,29500
2021-01-30,29500
2021-02-01,29600
2021-02-02,29800
2021-02-03,29700
2021-02-04,29200
2021-02-05,29500
2021-02-06,30000
2021-02-08,30400
2021-02-09,30800
2021-02-10,31500
2021-02-11,31000
2021-02-12,30800
2021-02-13,30900
2021-02-15,31900
2021-02-16,32300
2021-02-17,33200
2021-02-18,33300
2021-02-19,34100
2021-02-20,34200
2021-02-22,34100
2021-02-23,33500
2021-02-24,33800
2021-02-25,33500
2021-02-26,33900
2021-02-27,34300
2021-03-01,34600
2021-03-02,34400
2021-03-03,34300
2021-03-04,33900
2021-03-05,34200
2021-03-06,33800
2021-03-08,33100
2021-03-09,33300
2021-03-10,33600
2021-03-11,34300
2021-03-12,34500
2021-03-13,34800
2021-03-15,34900
2021-03-16,34700
2021-03-24,34100
2021-03-25,34100
2021-03-26,34300
2021-03-27,35100
2021-03-31,36200
2021-04-01,36200
2021-04-02,36700
2021-04-03,36700
2021-04-05,37000
2021-04-06,37500
2021-04-07,37200
2021-04-08,37200
2021-04-09,36600
2021-04-10,37000
2021-04-12,37400
2021-04-13,37200
2021-04-14,37000
2021-04-15,37400
2021-04-16,38100
2021-04-17,37900
2021-04-19,37600
2021-04-20,36500
2021-04-21,36600
2021-04-22,37300
2021-04-23,37800
2021-04-24,37300
2021-04-26,37400
2021-04-27,37200
2021-04-28,37700
2021-04-29,37800
2021-04-30,38000
2021-05-01,38100
2021-05-03,38700
2021-05-04,39000
2021-05-05,39100
2021-05-06,38800
2021-05-07,39000
2021-05-08,39700
2021-05-10,39900
2021-05-11,40000
2021-05-12,40200
2021-05-13,40300
2021-05-14,39800
2021-05-15,40100
2021-05-17,40500
2021-05-18,40200
2021-05-19,39700
2021-05-20,39700
2021-05-21,38700
2021-05-22,39200
2021-05-24,38700
2021-05-25,38500
2021-05-26,38100
2021-05-27,37800
2021-05-28,38500
2021-05-29,38300
2021-05-31,38500
2021-06-01,39000
2021-06-02,39600
2021-06-03,40000
2021-06-04,40700
2021-06-05,40900
2021-06-07,40100
2021-06-08,39700
2021-06-09,39500
2021-06-10,39700
2021-06-11,40300
2021-06-12,40100
2021-06-14,39600
2021-06-15,39400
2021-06-16,38900
2021-06-17,38300
2021-06-18,37600
2021-06-19,38100
2021-06-21,37700
2021-06-22,37300
2021-06-23,37300
2021-06-24,37100
2021-06-25,36700
2021-06-26,36500
2021-06-28,36400
2021-06-29,35400
2021-06-30,35600
2021-07-01,35400
2021-07-02,35100
2021-07-03,35200
2021-07-05,35300
2021-07-06,35000
2021-07-07,34800
2021-07-08,34900
2021-07-09,34700
2021-07-10,35300
2021-07-12,35300
2021-07-13,34800
2021-07-14,33800
2021-07-15,34100
2021-07-16,33900
2021-07-17,34800
2021-07-19,35600
2021-07-20,36500
2021-07-21,37000
2021-07-22,37400
2021-07-23,37600
2021-07-24,37600
2021-07-26,37800
2021-07-27,37700
2021-07-28,37800
2021-07-29,38400
2021-07-30,38100
2021-07-31,38700
2021-08-02,38800
2021-08-03,38600
2021-08-04,38700
2021-08-05,38500
2021-08-06,38200
2021-08-07,37800
2021-08-09,37600
2021-08-10,37500
2021-08-11,38200
2021-08-12,38500
2021-08-13,38700
2021-08-14,39000
2021-08-16,39200
2021-08-17,39100
2021-08-18,38900
2021-08-19,38900
2021-08-20,38600
2021-08-21,38200
2021-08-23,37900
2021-08-24,37900
2021-08-25,38000
2021-08-26,37600
2021-08-27,37300
2021-08-28,37100
2021-08-30,37400
2021-08-31,37600
2021-09-01,38200
2021-09-02,38200
2021-09-03,38100
2021-09-04,38200
2021-09-06,38000
2021-09-07,37900
2021-09-08,37600
2021-09-09,38200
2021-09-10,38700
2021-09-11,38500
2021-09-13,38700
2021-09-14,38900
2021-09-15,39000
2021-09-16,38500
2021-09-17,39100
2021-09-18,38800
2021-09-20,39000
2021-09-21,39000
2021-09-22,39000
2021-09-23,38600
2021-09-24,39000
2021-09-25,39000
2021-09-27,39400
2021-09-28,39600
2021-09-29,40300
2021-09-30,41100
2021-10-01,42500
2021-10-04,42900
2021-10-05,43100
2021-10-06,42600
2021-10-07,41900
2021-10-08,41000
2021-10-09,41000
2021-10-11,42700
2021-10-12,42400
2021-10-13,41800
2021-10-14,42400
2021-10-16,42400
2021-10-18,42200
2021-10-19,42500
2021-10-20,42000
2021-10-21,41800
2021-10-22,41400
2021-10-23,40800
2021-10-25,40500
2021-10-26,40200
2021-10-27,40500
2021-10-28,40700
2021-10-29,41400
2021-10-30,41200
2021-11-01,41500
2021-11-02,41200
2021-11-03,40800
2021-11-06,40500
2021-11-08,40200
2021-11-09,39700
2021-11-10,39700
2021-11-11,39200
2021-11-12,39500
2021-11-13,39100
2021-11-15,38200
2021-11-16,37600
2021-11-17,38100
2021-11-18,38100
2021-11-19,38600
2021-11-20,39100
2021-11-22,38500
2021-11-23,38100
2021-11-24,38400
2021-11-25,38100
2021-11-26,38700
2021-11-27,38600
2021-11-29,39000
2021-11-30,39600
2021-12-01,39200
2021-12-02,39300
2021-12-03,38900
2021-12-04,38600
2021-12-06,38300
2021-12-07,38700
2021-12-08,39100
2021-12-09,39600
2021-12-10,39200
2021-12-11,39200
2021-12-13,39900
2021-12-14,40200
2021-12-15,40000
2021-12-16,40200
2021-12-17,40000
2021-12-18,39900
2021-12-20,39500
2021-12-21,39000
2021-12-22,39100
2021-12-23,39200
2021-12-24,39700
2021-12-27,40700
2021-12-28,40400
2021-12-29,40400
2021-12-30,40800
2021-12-31,41200
2022-01-01,41200
2022-01-03,41300
2022-01-04,40900
2022-01-05,40300
2022-01-06,40200
2022-01-07,40700
2022-01-08,40700
2022-01-10,40900
2022-01-11,41500
2022-01-12,41500
2022-01-13,42000
2022-01-14,41700
2022-01-15,41800
2022-01-17,42200
2022-01-18,42200
2022-01-19,42200
2022-01-20,42600
2022-01-21,42300
2022-01-22,42500
2022-01-24,42900
2022-01-25,43400
2022-01-27,44100
2022-01-28,43900
2022-01-29,44600
2022-01-31,44100
2022-02-01,44200
2022-02-02,44500
2022-02-03,44200
2022-02-04,44700
2022-02-05,44900
2022-02-07,44800
2022-02-08,45100
2022-02-09,44400
2022-02-10,43800
2022-02-11,43800
2022-02-12,43400
2022-02-14,43300
2022-02-15,43000
2022-02-16,43800
2022-02-17,44500
2022-02-18,44700
2022-02-19,45100
2022-02-21,45000
2022-02-22,44900
2022-02-23,45300
2022-02-24,45400
2022-02-25,46200
2022-02-26,45700
2022-02-28,46600
2022-03-01,47000
2022-03-02,48000
2022-03-03,49500
2022-03-04,50400
2022-03-05,51600
2022-03-07,53200
2022-03-08,53100
2022-03-09,55000
2022-03-10,54500
2022-03-11,53000
2022-03-12,49200
2022-03-14,47300
2022-03-15,45200
2022-03-16,47200
2022-03-17,47500
2022-03-21,51100
2022-03-22,51750
2022-03-23,50500
2022-03-24,50500
2022-03-25,49000
2022-03-26,49000
2022-03-28,49700
2022-03-29,49400
2022-03-30,49100
2022-03-31,48900
2022-04-01,49900
2022-04-02,49600
2022-04-04,49600
2022-04-05,49700
2022-04-06,48500
2022-04-07,48500
2022-04-08,48000
2022-04-09,47900
2022-04-11,46600
2022-04-12,46900
2022-04-13,48500
2022-04-14,49500
2022-04-15,51500
2022-04-16,51000
2022-04-18,53000
2022-04-19,52800
2022-04-20,52500
2022-04-21,52300
2022-04-22,50800
2022-04-23,49500
2022-04-25,48300
2022-04-26,48300
2022-04-27,48300
2022-04-28,49900
2022-04-29,51500
2022-04-30,50000
2022-05-02,50800
2022-05-03,49700
2022-05-04,49300
2022-05-05,49500
2022-05-06,50000
2022-05-07,50400
2022-05-09,49400
2022-05-10,48400
2022-05-11,48300
2022-05-12,48400
2022-05-13,48400
2022-05-14,48400
2022-05-16,47700
2022-05-17,48000
2022-05-18,47500
2022-05-19,47700
2022-05-20,48200
2022-05-21,47300
2022-05-23,44500
2022-05-24,42100
2022-05-25,42000
2022-05-26,41000
2022-05-27,41650
2022-05-28,41800
2022-05-30,42800
2022-05-31,41300
2022-06-01,41150
2022-06-02,41650
2022-06-03,42550
2022-06-04,42100
2022-06-06,42100
2022-06-07,42000
2022-06-08,41450
2022-06-09,41750
2022-06-10,42300
2022-06-11,42800
2022-06-13,43500
2022-06-14,42700
2022-06-15,42800
2022-06-16,43100
2022-06-17,44300
2022-06-18,43700
2022-06-20,43200
2022-06-21,43000
2022-06-22,43700
2022-06-23,44400
2022-06-24,45000
2022-06-25,44700
2022-06-27,45500
2022-06-28,46000
2022-06-29,45400
2022-06-30,45000
2022-07-01,45700
2022-07-02,45500
2022-07-04,45650
2022-07-05,45850
2022-07-06,45700
2022-07-07,46500
2022-07-08,47650
2022-07-09,47400
2022-07-11,48500
2022-07-12,48600
2022-07-13,48000
2022-07-14,47700
2022-07-15,47200
2022-07-16,46400
2022-07-18,46900
2022-07-19,46300
2022-07-20,46200
2022-07-21,45300
2022-07-22,45500
2022-07-23,44900
2022-07-25,45700
2022-07-26,46750
2022-07-27,47400
2022-07-28,47300
2022-07-29,47400
2022-07-30,46900
2022-08-01,47550
2022-08-02,48100
2022-08-03,47900
2022-08-04,48600
2022-08-05,47600
2022-08-06,47200
2022-08-08,47100
2022-08-09,47500
2022-08-10,47800
2022-08-12,48600
2022-08-13,48300
2022-08-16,48900
2022-08-17,48250
2022-08-18,47800
2022-08-19,47600
2022-08-20,47100
2022-08-22,46800
2022-08-23,46000
2022-08-24,46100
2022-08-25,45500
2022-08-26,45700
2022-08-27,45600
2022-08-29,44800
2022-08-30,44500
2022-08-31,44200
2022-09-01,44600
2022-09-02,45050
2022-09-03,45100
2022-09-05,44400
2022-09-06,44650
2022-09-07,45000
2022-09-08,45000
2022-09-09,45000
2022-09-10,45200
2022-09-12,45200
2022-09-13,45600
2022-09-14,46000
2022-09-15,46300
2022-09-16,46000
2022-09-17,45600
2022-09-19,45400
2022-09-20,44600
2022-09-21,44200
2022-09-22,44200
2022-09-23,44500
2022-09-24,45200
2022-09-26,45200
2022-09-27,45400
2022-09-28,45400
2022-09-29,45400
2022-09-30,45400
2022-10-01,45600
2022-10-03,45000
2022-10-04,45200
2022-10-06,45300
2022-10-07,45300
2022-10-08,45400
2022-10-10,45500
2022-10-11,45200
2022-10-12,45000
2022-10-13,44750
2022-10-14,44600
2022-10-15,43900
2022-10-17,43400
2022-10-18,43300
2022-10-19,43400
2022-10-20,43200
2022-10-21,43600
2022-10-22,43900
2022-10-26,43600
2022-10-27,43200
2022-10-28,42800
2022-10-29,42400
2022-10-31,42400
2022-11-01,42400
2022-11-02,41700
2022-11-03,41900
2022-11-04,41300
2022-11-05,41000
2022-11-07,40900
2022-11-08,41100
2022-11-09,41500
2022-11-10,41200
2022-11-11,41000
2022-11-12,40700
2022-11-14,39700
2022-11-15,39700
2022-11-16,38500
2022-11-17,37900
2022-11-18,36800
2022-11-21,39500
2022-11-22,39200
2022-11-23,38800
2022-11-24,38000
2022-11-25,38500
2022-11-26,38900
2022-11-28,39300
2022-11-29,40300
2022-11-30,41500
2022-12-01,41400
2022-12-02,41200
2022-12-03,40700
2022-12-05,41400
2022-12-06,41600
2022-12-07,42300
2022-12-08,42900
2022-12-09,43300
2022-12-10,42700
2022-12-12,42800
2022-12-13,42600
2022-12-14,42500
2022-12-15,42000
2022-12-16,42200
2022-12-17,42600
2022-12-19,42700
2022-12-20,42600
2022-12-21,42300
2022-12-22,42300
2022-12-23,42900
2022-12-24,43300
2022-12-26,43800
2022-12-27,44200
2022-12-28,44600
2022-12-29,44300
2022-12-30,44900
2022-12-31,45100
2023-01-02,45600
2023-01-03,45300
2023-01-04,44600
2023-01-05,44600
2023-01-06,44200
2023-01-07,44100
2023-01-09,43400
2023-01-10,43200
2023-01-11,43500
2023-01-12,43800
2023-01-13,44400
2023-01-14,44500
2023-01-16,44500
2023-01-17,44400
2023-01-18,43700
2023-01-19,43800
2023-01-20,43600
2023-01-21,43600
2023-01-23,43500
2023-01-24,43100
2023-01-25,43300
2023-01-27,43500
2023-01-28,43300
2023-01-30,43600
2023-01-31,43300
2023-02-01,43300
2023-02-02,42900
2023-02-03,42700
2023-02-04,42700
2023-02-06,42900
2023-02-07,42500
2023-02-08,42400
2023-02-09,42400
2023-02-10,42000
2023-02-11,41800
2023-02-13,41800
2023-02-14,42200
2023-02-15,42600
2023-02-16,43100
2023-02-17,44000
2023-02-18,44000
2023-02-20,44000
2023-02-21,44100
2023-02-22,44100
2023-02-23,43800
2023-02-24,43500
2023-02-25,43400
2023-02-27,43400
2023-02-28,43600
2023-03-01,43900
2023-03-02,43900
2023-03-03,43900
2023-03-04,44000
2023-03-06,44300
2023-03-07,44200
2023-03-10,44200
2023-03-11,44000
2023-03-13,43900
2023-03-14,43700
2023-03-15,43300
2023-03-16,43200
2023-03-17,43000
2023-03-18,42700
2023-03-20,42300
2023-03-21,42200
2023-03-22,42300
2023-03-23,42300
2023-03-24,42550
2023-03-25,42400
2023-03-27,42700
2023-03-28,42500
2023-03-29,42500
2023-03-30,42500
2023-03-31,42700
2023-04-01,42900
2023-04-03,42800
2023-04-04,43100
2023-04-05,43300
2023-04-06,43400
2023-04-07,43300
2023-04-08,43300
2023-04-10,43100
2023-04-11,43000
2023-04-12,43000
2023-04-13,43400
2023-04-14,43500
2023-04-15,43500
2023-04-17,43700
2023-04-18,43800
2023-04-19,43500
2023-04-20,43400
2023-04-21,43300
2023-04-22,43300
2023-04-24,42700
2023-04-25,42600
2023-04-26,42600
2023-04-27,42400
2023-04-28,42600
2023-04-29,42300
2023-05-01,42100
2023-05-02,41800
2023-05-03,41800
2023-05-04,41400
2023-05-05,41200
2023-05-06,40900
2023-05-08,41400
2023-05-09,41600
2023-05-10,42100
2023-05-11,41800
2023-05-12,42100
2023-05-13,42200
2023-05-15,42700
2023-05-16,42900
2023-05-17,43400
2023-05-18,43100
2023-05-19,43000
2023-05-20,42600
2023-05-22,42700
2023-05-23,42300
2023-05-24,42300
2023-05-25,42500
2023-05-26,42300
2023-05-27,42300
2023-05-29,42200
2023-05-30,42400
2023-05-31,42200
2023-06-01,42200
2023-06-02,41800
2023-06-03,41900
2023-06-05,41900
2023-06-06,42300
2023-06-07,42800
2023-06-08,42500
2023-06-09,42700
2023-06-10,42900
2023-06-12,43000
2023-06-13,43100
2023-06-14,43000
2023-06-15,42900
2023-06-16,43200
2023-06-17,43100
2023-06-19,42800
2023-06-20,42500
2023-06-21,42500
2023-06-22,42300
2023-06-23,42200
2023-06-24,42300
2023-06-26,41800
2023-06-27,41700
2023-06-28,41700
2023-06-29,41900
2023-06-30,42100
2023-07-01,41700
2023-07-03,41300
2023-07-04,41300
2023-07-05,41400
2023-07-06,41600
2023-07-07,41300
2023-07-08,40900
2023-07-10,40900
2023-07-11,40800
2023-07-12,40900
2023-07-13,40800
2023-07-14,40400
2023-07-15,40300
2023-07-17,40300
2023-07-18,40300
2023-07-19,39800
2023-07-20,39600
2023-07-21,39500
2023-07-22,39300
2023-07-24,38900
2023-07-25,38900
2023-07-26,38800
2023-07-27,38600
2023-07-28,39100
2023-07-29,39300
2023-07-31,39500
2023-08-01,39900
2023-08-02,40500
2023-08-03,41000
2023-08-04,40600
2023-08-05,40900
2023-08-07,41000
2023-08-08,41000
2023-08-09,41000
2023-08-10,40700
2023-08-11,40800
2023-08-12,40500
2023-08-14,40500
2023-08-16,40800
2023-08-17,41300
2023-08-18,41400
2023-08-19,41100
2023-08-21,41000
2023-08-22,41000
2023-08-23,41000
2023-08-24,41500
2023-08-25,41600
2023-08-26,41800
2023-08-28,42200
2023-08-29,42100
2023-08-31,42400
2023-09-01,42200
2023-09-02,42000
2023-09-04,42400
2023-09-05,42400
2023-09-06,42000
2023-09-07,42200
2023-09-08,42000
2023-09-09,41800
2023-09-11,41300
2023-09-12,41200
2023-09-13,41300
2023-09-14,41400
2023-09-15,41800
2023-09-16,41800
2023-09-18,42200
2023-09-19,41900
2023-09-20,41700
2023-09-21,41300
2023-09-22,41200
2023-09-23,40500
2023-09-25,40800
2023-09-26,40400
2023-09-27,40300
2023-09-28,40500
2023-09-29,40100
2023-09-30,40100
2023-10-03,40000
2023-10-04,40000
2023-10-05,40400
2023-10-06,40400
2023-10-07,40200
2023-10-09,40100
2023-10-10,40000
2023-10-11,39900
2023-10-12,39400
2023-10-13,39000
2023-10-14,39200
2023-10-16,39300
2023-10-17,39000
2023-10-18,39200
2023-10-19,38700
2023-10-20,38100
2023-10-21,38100
2023-10-23,37600
2023-10-25,37700
2023-10-26,38100
2023-10-27,38400
2023-10-28,38800
2023-10-30,39100
2023-10-31,38900
2023-11-01,38600
2023-11-02,38600
2023-11-03,38400
2023-11-04,38400
2023-11-06,37900
2023-11-07,38000
2023-11-08,38000
2023-11-09,38300
2023-11-10,38600
2023-11-11,38300
2023-11-14,38100
2023-11-15,38300
2023-11-16,38300
2023-11-17,38300
2023-11-18,38300
2023-11-20,38100
2023-11-21,38000
2023-11-22,38100
2023-11-23,38400
2023-11-24,38300
2023-11-25,38000
2023-11-27,37500
2023-11-28,37200
2023-11-29,37300
2023-11-30,37100
2023-12-01,37100
2023-12-02,37300
2023-12-04,37000
2023-12-05,37500
2023-12-06,37800
2023-12-07,37600
2023-12-08,38000
2023-12-09,38100
2023-12-11,38200
2023-12-12,38500
2023-12-13,38300
2023-12-14,38700
2023-12-15,38600
2023-12-16,38800
2023-12-18,38800
2023-12-19,38300
2023-12-20,38300
2023-12-21,37900
2023-12-22,37900
2023-12-23,37700
2023-12-26,37100
2023-12-27,37100
2023-12-28,37000
2023-12-29,37200
2023-12-30,37500
2024-01-01,37600
2024-01-02,37400
2024-01-03,37800
2024-01-04,38000
2024-01-05,37600
2024-01-06,37800
2024-01-08,37800
2024-01-09,37600
2024-01-10,37800
2024-01-11,37600
2024-01-12,37600
2024-01-13,37600
2024-01-15,37600
2024-01-16,37600
2024-01-17,37400
2024-01-18,37500
2024-01-19,37600
2024-01-20,37400
2024-01-22,37500
2024-01-23,37500
2024-01-24,37300
2024-01-25,37200
2024-01-27,37500
2024-01-29,37500
2024-01-30,37600
2024-01-31,37400
2024-02-01,37400
2024-02-02,37100
2024-02-03,37400
2024-02-05,37200
2024-02-06,36900
2024-02-07,36800
2024-02-08,37000
2024-02-09,36800
2024-02-10,36700
2024-02-12,36600
2024-02-13,36300
2024-02-14,36700
2024-02-15,36900
2024-02-16,36800
2024-02-17,37100
2024-02-19,37400
2024-02-20,37600
2024-02-21,37400
2024-02-22,37600
2024-02-23,37900
2024-02-24,37800
2024-02-26,37700
2024-02-27,37600
2024-02-28,37700
2024-02-29,38000
2024-03-01,37700
2024-03-02,37600
2024-03-04,37800
2024-03-05,37800
2024-03-06,37700
2024-03-07,37700
2024-03-08,37800
2024-03-09,37900
2024-03-11,37700
2024-03-12,37500
2024-03-13,37500
2024-03-14,37000
2024-03-15,36800
2024-03-16,36900
2024-03-18,36400
2024-03-19,36600
2024-03-20,36800
2024-03-21,36900
2024-03-22,36800
2024-03-23,37100
2024-03-27,37200
2024-03-28,37400
2024-03-29,37300
2024-03-30,37600
2024-04-01,38000
2024-04-02,38400
2024-04-03,39000
2024-04-04,39700
2024-04-05,41200
2024-04-06,40500
2024-04-08,40600
2024-04-09,40000
2024-04-10,40000
2024-04-11,40100
2024-04-12,39900
2024-04-13,40200
2024-04-15,41600
2024-04-16,41200
2024-04-17,41800
2024-04-18,41700
2024-04-19,41500
2024-04-20,41800
2024-04-22,41000
2024-04-23,40900
2024-04-24,40800
2024-04-25,40700
2024-04-26,40600
2024-04-27,40700
2024-04-29,40400
2024-04-30,40900
2024-05-01,41500
2024-05-02,41300
2024-05-03,41800
2024-05-04,41500
2024-05-06,42400
2024-05-07,42300
2024-05-08,42200
2024-05-09,41900
2024-05-10,41500
2024-05-11,41100
2024-05-13,40800
2024-05-14,40600
2024-05-15,40600
2024-05-16,41000
2024-05-17,41200
2024-05-18,40900
2024-05-20,41200
2024-05-21,41300
2024-05-22,41400
2024-05-23,41200
2024-05-24,41100
2024-05-25,40800
2024-05-27,40700
2024-05-28,40800
2024-05-29,41100
2024-05-30,41300
2024-05-31,41300
2024-06-03,41900
2024-06-04,41700
2024-06-05,41600
2024-06-06,41300
2024-06-07,41300
2024-06-08,41400
2024-06-10,41200
2024-06-11,41000
2024-06-12,40800
2024-06-13,40800
2024-06-14,40400
2024-06-15,40300
2024-06-17,40000
2024-06-18,39900
2024-06-19,39600
2024-06-20,39200
2024-06-21,39000
2024-06-22,38900
2024-06-24,38400
2024-06-25,37700
2024-06-26,37500
2024-06-27,37700
2024-06-28,38500
2024-06-29,38600
2024-07-01,38300
2024-07-02,38800
2024-07-03,38500
2024-07-04,38600
2024-07-05,38100
2024-07-06,38200
2024-07-08,37500
2024-07-09,37500
2024-07-10,37500
2024-07-11,37300
2024-07-12,38100
2024-07-13,38000
2024-07-15,39100
2024-07-16,39000
2024-07-17,39000
2024-07-18,38600
2024-07-19,38300
2024-07-20,38400
2024-07-22,37700
2024-07-23,37800
2024-07-24,37700
2024-07-25,37700
2024-07-26,37700
2024-07-27,38000
2024-07-29,38300
2024-07-30,38700
2024-07-31,38500
2024-08-01,38500
2024-08-02,37900
2024-08-03,37500
2024-08-05,37500
2024-08-06,37200
2024-08-07,37300
2024-08-08,36900
2024-08-09,36400
2024-08-10,36600
2024-08-12,36900
2024-08-13,37100
2024-08-14,37100
2024-08-16,37100
2024-08-17,37300
2024-08-20,37500
2024-08-21,37600
2024-08-22,37300
2024-08-23,37200
2024-08-24,37000
2024-08-26,37100
2024-08-27,37300
2024-08-28,37000
2024-08-29,37000
2024-08-30,37200
2024-08-31,37000
2024-09-02,36800
2024-09-03,36900
2024-09-04,37000
2024-09-05,37000
2024-09-06,36900
2024-09-07,37000
2024-09-09,36800
2024-09-10,36600
2024-09-11,36200
2024-09-12,35900
2024-09-13,36000
2024-09-14,35800
2024-09-16,35500
2024-09-17,35700
2024-09-18,35700
2024-09-19,35800
2024-09-20,36000
2024-09-21,36100
2024-09-23,36300
2024-09-24,36900
2024-09-25,37500
2024-09-26,38000
2024-09-27,37700
2024-09-28,38000
2024-09-30,38200
2024-10-01,38200
2024-10-03,38700
2024-10-04,38700
2024-10-05,38900
2024-10-07,38900
2024-10-08,39300
2024-10-09,38700
2024-10-10,38500
2024-10-11,38400
2024-10-14,38800
2024-10-15,38500
2024-10-16,38300
2024-10-17,38300
2024-10-18,38400
2024-10-19,38200
2024-10-21,37600
2024-10-22,37000
2024-10-23,36600
2024-10-24,36700
2024-10-25,36600
2024-10-26,36400
2024-10-28,36200
2024-10-29,35900
2024-10-30,35600
2024-11-04,35600
2024-11-05,35900
2024-11-06,36200
2024-11-07,36600
2024-11-08,37100
2024-11-09,37000
2024-11-11,37400
2024-11-12,37500
2024-11-13,37100
2024-11-14,36900
2024-11-15,36700
2024-11-16,36500
2024-11-18,36400
2024-11-19,36400
2024-11-20,36300
2024-11-21,36600
2024-11-22,36600
2024-11-23,36500
2024-11-25,36200
2024-11-26,36100
2024-11-27,36100
2024-11-28,36400
2024-11-29,36100
2024-11-30,35900
2024-12-02,35600
2024-12-03,35800
2024-12-04,36000
2024-12-05,36600
2024-12-06,36700
2024-12-07,36600
2024-12-09,36800
2024-12-10,36500
2024-12-11,36300
2024-12-12,36500
2024-12-13,36500
2024-12-14,36600
2024-12-16,36900
2024-12-17,36900
2024-12-18,37300
2024-12-19,37400
2024-12-20,37400
2024-12-21,37200
2024-12-23,37300
2024-12-24,37200
2024-12-26,36600
2024-12-27,36800
2024-12-28,36900
2024-12-30,37500
2024-12-31,37600
2025-01-01,37500
2025-01-02,37600
2025-01-03,37400
2025-01-04,37300
2025-01-06,37000
2025-01-07,37100
2025-01-08,36800
2025-01-09,36700
2025-01-10,36700
2025-01-11,36500
2025-01-13,36700
2025-01-14,36900
2025-01-15,36700
2025-01-16,36800
2025-01-17,36700
2025-01-18,36400
2025-01-20,36500
2025-01-21,36500
2025-01-22,36500
2025-01-23,36700
2025-01-24,36900
2025-01-25,36700
2025-01-27,37200
2025-01-28,37200
2025-01-29,37400
2025-01-30,37400
2025-01-31,37400
2025-02-01,37300
2025-02-03,37200
2025-02-04,36900
2025-02-05,36800
2025-02-06,36800
2025-02-07,36600
2025-02-08,36800
2025-02-10,36800
2025-02-11,36800
2025-02-12,36600
2025-02-13,36700
2025-02-14,36500
2025-02-15,36400
2025-02-17,36200
2025-02-18,36200
2025-02-19,36100
2025-02-20,36200
2025-02-21,36100
2025-02-22,36300
2025-02-24,36500
2025-02-25,36400
2025-02-26,36600
2025-02-27,36600
2025-02-28,36500
2025-03-01,36600
2025-03-03,36400
2025-03-04,36500
2025-03-05,36800
2025-03-06,36600
2025-03-07,36800
2025-03-08,36800
2025-03-10,36700
2025-03-11,36700
2025-03-12,36400
2025-03-13,36600
2025-03-17,36600
2025-03-18,36600
2025-03-19,36900
2025-03-20,37100
2025-03-21,37500
2025-03-22,37400
2025-03-24,38200
2025-03-25,38100
2025-03-26,38100
2025-03-27,37900
2025-03-28,37700
2025-03-29,37900
2025-03-31,38300
2025-04-01,38300
2025-04-02,38500
2025-04-03,38700
2025-04-04,38600
2025-04-05,38300
2025-04-07,37800
2025-04-08,37800
2025-04-09,37900
2025-04-10,38100
2025-04-11,38200
2025-04-12,38000
2025-04-14,37700
2025-04-15,37700
2025-04-16,37700
2025-04-17,37400
2025-04-18,37400
2025-04-19,37200
2025-04-21,36900
2025-04-22,37600
2025-04-23,37300
2025-04-24,37500
2025-04-25,37200
2025-04-26,37100
2025-04-28,37000
2025-04-29,37000
2025-04-30,36800
2025-05-01,36700
